名称,当前价格
001uc.com,500
012ky.com,150
016vv.cn,360
021234.com,800
021cn.net,2888
0351k.cn,680
0507.org,666
0532qdjz.cn,40
08765.cn,4900
09che.com,430
1000niu.com,900
111301.com,400
11266.cn,500
11277.cn,500
114ys.com,800
120jkw.com,500
13211.cc,555
13638.cc,555
13855.cc,3888
152319.com,4999
1602.cc,3888
17929.cn,500
18dy.net,188
18p2p.net,500
199698.com,288
2102.com.cn,300
21415.net,148
22n.cn,2899
23u.vip,1299
25111.cn,1000
25256.cn,600
25257.cn,500
257722.com,800
269963.com,4999
2763.net,2000
28180.com,1800
28686.cn,500
28787.cn,500
2968.net,2000
299581.com,4999
3267.cc,988
333559.com,600
33645.com,666
360mgc.com,5000
365111.com.cn,4999
3712.net,2000
39382.com.cn,30
39382.net,158
456457.com,2999
4810.cn,3888
50216.cn,888
50217.cn,888
50219.cn,888
50221.cn,888
50227.cn,888
50229.cn,888
50230.cn,888
50231.cn,888
50239.cn,888
50256.cn,888
50257.cn,888
50273.cn,888
50279.cn,886
50282.cn,886
50379.cn,886
50380.cn,886
50573.cn,886
50579.cn,886
50581.cn,886
50583.cn,886
50589.cn,886
50616.cn,1680
50619.cn,1799
517345.com,1888
520211.com.cn,3000
520880.com,5000
52444.cn,5000
5360.com.cn,1000
539890.com,108
54net.com,690
55q.net,2200
561853.com,988
567815.com,1500
567886.com,1500
5901.net,2000
5sj.cc,120
60016.cn,480
60361.cn,1560
61066.cn,300
6124.cc,488
61game.com,3800
6228.cn,2888
667500.com,2000
678778k.com,120
68211.com,3000
699900.com,900
699933.com,900
699955.com,900
6fuck.com,300
6ud.net,4988
725.biz,1688
72988.cn,257
7355.cn,1588
7394.cn,349
75222.cc,2000
756235.com,988
7591.net,2000
759955.com,4888
766699.com,1200
77edu.com.cn,2000
796677.com,4888
796865.com,4999
796869.com,4999
798695.com,4999
80130.cn,1990
80131.cn,1990
818424.cn,15
836.net.cn,3600
8379.net,2000
856759.com,4999
856795.com,4999
856975.com,4999
8573.net,2000
859867.com,4999
859955.com,4888
86008.cn,500
86543.cc,188
8695.net,2000
876857.com,4999
88130.cn,5000
881888.cn,3888
885133.com,800
886888.cn,1888
887099.com,800
88808.com.cn,3000
89350.cn,339
89590.cn,339
895967.com,4999
895975.com,4999
89670.cn,339
8971.net,2000
89710.cn,239
89760.cn,139
89790.cn,439
898888.cn,2000
8haokan.cn,1800
901109.com,100
908.net.cn,300
91Lvshi.com,300
92000.cn,3000
92116.cn,500
922863.com,4999
92989.cn,500
930vv.cn,360
93481.com,4500
94edu.cn,2000
96321.cn,688
96444.cn,2000
9735.net,2000
97edu.cn,1000
98863.cn,188
Ltzy888.com,40
a.hk.cn,5000
aagame.cn,3500
aavy.cn,1860
acux.cn,1860
aegy.cn,1860
aekx.cn,1860
aelj.cn,1860
aemj.cn,1860
afeb.cn,1860
affv.cn,1860
afiu.cn,1860
afmu.cn,1860
ahlab.cn,999
aibitebi.com,2888
aiwenyi.com,2888
ai数字人.中国,598
alajiasi.cn,2000
alajiasi.com.cn,800
aljs.cn,5000
aljs.com.cn,2000
allocation.com.cn,1860
amet.cn,2888
antaiju.com,4800
antforest.cn,1688
antsfun.com,159
anyboss.com,2800
anzsks.cn,2800
apu.cc,1800
arzb.com,5000
arzp.cn,1600
asky.cc,3600
asqztzs.cn,335
auedu.com.cn,600
aufei.cn,899
av135.cn,800
av97.cn,800
avwrxzyr.cn,680
bagei.cn,1860
baibi.cc,2999
baifangyuan.com,245
baihuahu.com,5000
bankff.com,1888
banta.cn,1588
baodili.com,500
baoliansuo.cn,680
baolongtianxia.com,15
baoxiaoyulei.com,188
bayicable.com,500
bbcm.cn,3888
bccc.com.cn,5000
bczp.com.cn,2200
beilo.cn,680
benlian.cn,3800
bestwines.cn,1988
betbbbbb.com,5000
betfffff.com,5000
bethhhhh.com,3000
betkkkkk.com,3000
betppppp.com,2000
bfdaily.cn,680
bianchengbao.cn,5000
biandandingzhi.cn,305
bietuo.com,2800
bijibendiannao.com,900
biva.com.cn,50
bj126.cn,680
bjche.com.cn,680
bjlife.cn,3600
bnj.vip,2222
bnk.vip,2222
bnl.vip,2222
bnm.vip,2222
bnp.vip,2222
bnq.vip,2222
bnstyle.cn,680
bnwo.cn,1860
bogroup.cn,3999
bogu.cc,188
boozer.cn,5000
bpgh.cn,30
bpy.cc,999
btbhome.com,5000
btzp.com.cn,2000
bulve.cn,680
bunue.cn,680
buymm.cn,680
buystockcoin.com,30
buystocktoken.com,30
bxiyan.cn,680
bxlu.cn,1860
bydf.cn,5000
byly.cn,285
byvk.cn,1860
caika.cc,2999
canglve.cn,680
caomelw.cn,360
caoshui.com,1100
carmap.cn,3800
cbtq.cn,30
ccokul.work,980
cd189.com.cn,1000
cdinfo.cn,3600
cdn5680.com,88
cdtr.com.cn,388
cdwq.com.cn,388
cdy.com.cn,1899
cfsb.com.cn,5000
cgr.cc,999
chaidiscovery.cn,5000
changzehui.work,200
chdaily.com.cn,4000
cheekpay.com,588
chengjiu.com.cn,3500
chenu.cn,1000
chongqigui.com,5000
chqogu.cn,1860
chr50.cn,388
chr50.com,888
chuanchang.com.cn,2888
chuizu.cn,1860
chunghwa.cc,500
chunjiong.com,2000
chuofen.cn,1860
cihaoming.com,435
ciliking.cn,10
cjxooo.cn,1300
ckhb.com.cn,1000
cksi.com.cn,2000
cloudset.cn,5000
cnjianfei.com,435
couxun.cn,1860
cpfcw.com,1888
cqbs.cn,2800
cqbx.com.cn,16
cqpq.com.cn,16
cqqz.cn,2800
cqrf.com.cn,16
cqxmy.com,3800
crqy.cn,30
cryptobet.com.cn,5000
csby.com.cn,600
cu-services.cn,880
cuanp0.cn,360
cundi.cc,2999
cvtg.cn,3999
cvup.cn,1860
cwcv.cn,680
cycycn.com,1000
cylr.net,800
cyzc.cc,888
czyanse.com,280
czzf.cn,4888
daiduiwu.cn,680
dangtu.com.cn,3000
danpai.cn,3000
darkhorsebike.cn,476
dazhiruoyu.cn,1500
dckq.cn,30
demo-site.org,450
dgku.cn,1860
dgxinjingfa.cn,680
dhevs.com,3800
dhnvr.com,3800
dhxq.com,1288
diancai.com.cn,1000
didashuidian.com,88
didf.cn,1860
dikawu.com,500
diping.com.cn,3000
diuji.com,499
dize.cc,1200
djtt.net,188
dkxxzyan.cn,680
dlzp.com.cn,2000
dnpd.cn,30
dongwvw.cn,360
doulaibi.com,3800
dpbt.cn,30
dqzp.com.cn,2000
ds4.net,1800
duihua.net,5000
dungui.com,696
dunqing.com,3000
duyue.cn,2800
dvgz.cn,1860
dwwb.cn,30
dzdwc.com,2000
e7z.net,3000
eapz.cn,1860
edu16.cn,2000
edu26.cn,2000
edu27.cn,2000
edu30.cn,2000
edu32.cn,2000
edu38.cn,2000
edu57.cn,2000
edu62.cn,2000
edu67.cn,2000
edu71.cn,2000
edu72.cn,2000
edu73.cn,2000
edu76.cn,2000
edu92.cn,2000
edud.com.cn,1000
eduq.com.cn,1000
eduwe.cn,1000
eems.com.cn,680
efish.cn,1000
ehbzc.cn,680
eju.me,3600
elushop.cn,15
eor.com.cn,2888
eqot.cn,1860
erchou.cn,1860
eshoe.cc,5000
esuo.cn,3999
everforex.cn,3888
eversongflange.cn,680
evgs.cn,1860
eweisn.com,280
example1.com,88
example2.cn,150
exie.cc,5000
ezhiban.cn,680
fa868.com,868
fatra.cn,5000
fbr.cc,999
fcg.cc,999
fdrf.cn,30
feichibuke.cn,888
ferp.com.cn,188
fh-hongwei.cn,680
fhqz.cn,30
fhww938ssd8dhsuf83345hh.cc,1466
fitnessequipment.fit,1688
flashsky.cn,5000
flmall.cn,998
fncm.com.cn,188
folao.cn,1000
forlandauto.com,4588
formulabao.com,888
fouxiong.com,499
fqvv.com,2200
fuaa.cn,2000
fuckb.com,3888
fucki.com,500
funing.cc,600
fupen.cn,3500
futuresw.cn,1860
fuyushan.com,5000
fyb.cc,999
fyk.cc,999
gan1anw.cn,360
gbjxkj.com,100
gdche.com.cn,680
gdppw.com.cn,3000
geitang.cn,2860
gewaixian.com,688
gfn.cc,999
gjlc.com.cn,16
glfutures.com,4588
gobook.com.cn,5000
goldtree.cn,5000
gonglu.net.cn,5000
goyw.cn,1860
gredu.com.cn,2000
grunt.cn,5000
gtf.cc,999
gtld.org.cn,4000
guaihei.cn,1860
guaiying.com,345
guangeng.com,2000
guangzhoufc.cn,9
guplao.cn,680
gwqf.com,2200
gxdz.net,600
gzppol.cn,3000
gzxyfs.com,225
hailiandai.com,88
hamigvaw.cn,360
haojiawang.com,199
hape.cn,3800
hbcj.cn,2800
hdck.com.cn,2000
hddaily.cn,680
hdug.cn,1860
hdvm.cn,1860
heishen.cn,3588
henggua.cn,1860
herkules.cn,5000
hffk.com.cn,16
hfkb.com.cn,16
hflm.com.cn,16
hfmy.com.cn,16
hfpk.com.cn,16
hfpq.com.cn,16
hfpr.com.cn,16
hfpz.com.cn,16
hfrn.com.cn,16
hfrz.com.cn,16
hfyk.com.cn,16
hi-smart.com,5000
hjedu.com.cn,2000
hkmi.cc,500
hljonline.cn,680
hnzhikun.cn,680
hpvip.cn,3999
hqddc.com,88
hqxk.com,2500
hsyy.net,188
huangmeixi.net,3600
hufuye.cn,190
huihuita.com,2980
huofa.cc,2999
husoft.cn,2999
huut.cn,1860
hxgd.net,300
hyhp.cn,3888
hyhr.com.cn,1999
hyhtxl.cn,680
hzaa.com.cn,3000
hzbr.com.cn,16
hzgg.cn,2800
hzgq.com.cn,16
hzka.com.cn,1060
hzkr.com.cn,16
hzmw.com.cn,16
hznr.com.cn,16
hzpg.com.cn,16
hzrp.com.cn,16
hzrw.com.cn,16
hzwa.com.cn,1060
igeq.cn,1860
imglm.com,888
ipkaifa.com,400
irg.com.cn,1999
ishuan.cn,3999
itingge.com,4888
itomjojo.cn,15
iuyu.cn,1860
iyf.cc,2999
iyouta0.cn,360
jdstablecoins.com,30
jiaomie.cn,680
jiaoqi.cc,3900
jiaotong.org.cn,5000
jichao.cn,1800
jiesha.cn,2500
jietao.cn,848
jikerong.com,1888
jimijia.com,3800
jiunin.cn,880
jjrlm.cc,333
jlcl.com,5000
jluxw.com,2000
jmcy.cc,888
joylnside.cn,1000
joylnside.com.cn,5000
jrj1.com,500
jrjd.cc,888
jsqiche.cn,880
juenuo.cn,299
jufang8.com,88
jufangba.com,88
jufo.cc,2999
juman.cn,3500
juzhenwanglu.cn,535
jvwu.com,3998
jwcar.com,5000
jx0.com,3888
jzn.cc,999
jzppw.cn,5000
kbf.cc,999
kecu.com.cn,3888
keked0uw.cn,360
kensy.cn,3699
kjaq.com.cn,1090
kkjy.com.cn,45
kkpf.cn,5000
kmzp.com.cn,2000
kng.cc,999
knh.vip,1899
kongluan.cn,2860
koqn.cn,1860
kpb.cc,999
ksfc.cc,2000
kszp.cc,2000
kuangmei.cn,3000
kuangqun.com,1100
kucu.cn,399
kuiduo.com,2800
kuokuo.cn,4444
labor-automatics.cn,680
lacjmy.cn,380
lagri.cn,25
laiqiao.cn,5000
lanshuijing.com,5000
lansune.com,500
lante.cc,3210
lboq.cn,1860
lchr.com.cn,900
lczp.com.cn,2500
lekudi.com,1988
lengmiao.com,3500
lerp.com.cn,168
lesradio.com,1588
lezhuyi.com,688
lgz.cc,999
liabai.cn,680
liaolo.cn,2860
liaomian.com,500
liaqing.cn,1860
liezha.com,2800
lingzhishi.cn,1888
lingzijin.com,1888
linmo.cc,2799
linxinru.cn,3600
liuliuhou.com,5000
ljb.cc,999
lleea.cn,2999
lnyzydd.cn,680
longqingxia.net,3600
loujun.com,1800
loveso.cn,68
lry.cc,999
lszp.com.cn,2000
ltju.com,998
luocun.cn,5000
lvioi.com,19
lyjygov.cn,2800
ma-expo.cn,680
maen.cc,2999
manqi.cc,2999
mansi.cc,2999
manya.cc,2999
maofu.cn,1500
maohan.cn,4188
mashangxin.com,2000
masjz.work,200
mayisenlin.cn,2888
mbzj.com.cn,16
mefa.cc,2833
meitlw.com.cn,360
meituanmap.com,3000
mengfen.com,5000
mfyu.com,2999
mghc.com.cn,800
mhwlkj.cc,430
miaosen.com.cn,500
mihouta0w.cn,360
mindnode.com.cn,5000
mingyao.cn,5000
miva.com.cn,50
mjaf.com.cn,3000
mlds.net,555
mmzp.com.cn,2000
mocan.cn,4500
moopoo.cn,380
muyy.com,4000
mvuk.cn,1860
mvyb.cn,1860
naixun.com,2500
nanguatv.com,380
naogu.cn,3500
nbjh.com.cn,16
nbjp.com.cn,16
nbkn.com.cn,16
ndzp.com.cn,2000
nenwai.com,69
nerp.com.cn,168
nfche.cn,880
nhmo.cn,2860
ninzuo.cn,880
niucui.cn,3588
nlady.cn,3999
nly.cc,1288
nmbbb.com,185
nnzw.cn,1000
noo.com.cn,2998
nqiao.cn,3999
nrxz.cn,30
nry.cc,999
nsbn.cn,30
nskh.cn,30
nslt.cn,30
nsmz.cn,30
ntzp.com.cn,2000
nuanyong.com,2222
nvkn.cn,1860
nvnian.cn,1860
nwbx.cn,30
nwqx.cn,30
nxgb.cn,30
nxyc.com.cn,500
nyqw.cn,30
nzlx.cn,30
nzvip.cn,3999
o52.cn,1599
ofbx.cn,1860
oiba.cn,1860
oigroup.cn,3999
ongd.cn,1860
ougroup.cn,3999
ozhy.cn,1860
ozyp.cn,1860
pagei.cn,2860
pailiwu.com,999
pangkuan.cn,2860
paotao.cc,500
pase.cc,2999
pbfp.cn,30
pbn.cc,999
pbnd.cn,30
pbsb.cn,30
pbyf.cn,30
pctf.cn,30
pdht.cn,30
pdpy.cn,30
pdyz.cn,30
pea.cc,1999
peizl.cn,1860
pelzi.cn,1860
pfdx.cn,30
pfkt.cn,30
pfrh.cn,30
pgd.cc,999
pglp.cn,30
phmz.cn,30
pibs.cn,1860
picn.cn,1800
pier.com.cn,3588
pifamall.com,1300
pilaoer.com,5000
pinche123.com,2800
pingqiaodoufu.cn,1860
pingqiaoguzhen.cn,1860
pinwen.cn,1800
pinyan.com.cn,1999
pjck.cn,2000
pjd.cc,1888
pkrz.cn,30
pmfr.cn,30
pnhd.cn,30
pnlh.cn,30
pnmm.cn,30
pnyx.com.cn,288
poeer.com,899
pprc.com.cn,188
pqby.cn,30
pqgz.cn,30
pqhz.cn,30
pqjy.com.cn,188
pqrw.cn,30
proscien.cn,2000
proscien.com.cn,2000
psnx.cn,30
psqm.cn,30
pssz.cn,3888
pwhg.cn,30
pwnx.cn,30
pwwx.cn,30
pyrz.cn,30
pywf.cn,30
pz51.com,3000
qcgb.cn,30
qcle.cn,880
qcpf.cn,30
qcpu.cn,680
qczj.cc,168
qdjw.com.cn,16
qdmn.com.cn,16
qdmx.com.cn,16
qdng.com.cn,16
qdqf.com.cn,16
qdtn.com.cn,16
qdv.com.cn,999
qdwq.com.cn,16
qdxm.com.cn,16
qdzd.com.cn,16
qerp.com.cn,168
qetg.com,5000
qfvip.cn,3999
qianfen.cn,3000
qiangzhui.com,1280
qiaoruyu.cn,2500
qihuow.cn,1860
qingdaoyihao.work,200
qixianling.com,3000
qjlc.cn,30
qkhs.cn,30
qkvip.cn,3999
qmnx.cn,30
qny.cc,2599
qoedu.cn,3999
qpdy.cn,30
qpqn.cn,30
qrfg.cn,30
qrgl.cn,30
qrmh.cn,30
qrqn.cn,30
qtcz.com.cn,16
qunkan.cn,12
qunmai.vip,990
qwb.cc,3888
qxxi.cn,1860
qzb.com.cn,4500
qzzk.com.cn,3980
rangji.cn,1860
rangjiao.cn,1860
ranpan.com,1888
raoshou.cn,1860
rcpu.cn,1860
remail.cn,999
remail.com.cn,100
remix.com.cn,3350
rengche.cn,1860
renrenshe.cn,100
rerp.com.cn,168
riwh.cn,1860
rjlw.com.cn,16
rjrm.cn,30
rjrq.cn,30
rjtr.cn,30
rkjq.cn,30
rkpf.cn,30
rky.cc,999
rlgm.cn,30
rlnc.cn,30
rlxu.cn,1860
rmhp.cn,30
rnbp.cn,30
rnbt.cn,30
rnfp.cn,30
rnjl.cn,30
rnxg.cn,30
roeweauto.com,4588
rongshuang.work,200
rongyueexpress.com.cn,3888
roseart.com.cn,999
rouluan.cn,2860
rpph.cn,30
rqfl.cn,30
rqi.cn,5000
rqpr.cn,30
rqqy.cn,30
rqy.cc,999
rqyw.cn,30
rrjk.cn,435
rryx.com.cn,188
rslw.cn,30
rsrp.cn,30
rsrt.cn,30
rtge.cn,2860
rtrp.cn,30
ruanluo.cn,1860
ruannu.cn,880
rubo.cc,2300
ruipingtangvip.cn,680
rvfp.cn,1860
rwbc.cn,30
rwdg.cn,30
rwlg.cn,30
rwlr.cn,30
rwnews.cn,1860
rwrd.cn,30
rxb.cc,999
rxlt.cn,30
rxmd.cn,30
ryxj.cn,30
rzdaily.com.cn,3000
salestoplist.com,5000
sanjiegun.com,500
sanyang.com.cn,5000
saohen.com,599
saria.cn,588
sddwc.com,2000
sdxinxingslzp.com,3000
sebel.cn,500
selu.com.cn,1000
senqie.com,999
sfxw.cn,30
shaichuan.cn,680
shaihang.cn,880
shandongcaohua.cn,680
shangy.cn,3999
shanlinlu.com,198
shefubao.com,5000
shennong.net,5000
shenpeitu.com,2800
shenyangyouyu.work,200
shite.cc,2300
shiyecao.com,5000
shuding.cn,3000
shuiguohu.com,500
shunxinzu.com,65
shuyunli.com,2000
shuzirenminbi.com,888
shz.cc,5000
silaida.com,99
simoon.cn,100
simpay.com.cn,1999
singarpore.com,58
sipftz.com,225
sivip.cn,3999
siwute.com,160
sjqzp.com,199
sjrn.cn,30
sjtime.net,260
skbe.cn,2860
sljxxs.cn,680
sltzp.com,4000
slvp.cn,1860
snrm.cn,30
sofomall.com,3988
sokkia.com.cn,20
songchai.cn,1860
songlue.cn,2100
sosmap.cn,680
soupo.com.cn,1000
souyunpan.com,290
spdib.com,4588
sqmx.cn,30
ssm.cc,3888
stablebi.com,30
staraqr.cn,188
suankan.com,388
sufix.cn,93
suixiu.com,3999
suizhua.com,480
sunfang.cn,300
sunq.cn,3600
suopei.cc,500
sutoutiao.com,3900
sxgkzx.cn,2800
sy37.com,5000
szppw.com.cn,3000
szqe.cn,3999
t5t4.com,138
taguang.com,5000
tallbuy.com,500
taoyang.cn,3800
tbbs.cn,3999
tbkz.cn,30
tbwm.cn,30
terp.com.cn,188
test-domain.net,299
tfhr.com.cn,188
thehearty.cn,388
tiaocen.cn,1860
tilv.net,999
tinggan.cn,1999
tingguangbo.com,500
tingnar.com,199
tizei.cn,1860
tj2.net,2800
tjqb.com.cn,16
tlbw.cn,30
tlgr.cn,30
tlns.cn,30
tlpr.cn,30
tnfh.cn,30
tnxcl.com,300
toxkanqak.cn,5000
tpfk.cn,30
tplz.cn,30
tpqn.cn,30
tpwq.cn,30
tqbr.cn,30
tqmb.cn,30
tqnr.cn,30
tqqb.cn,30
tqqy.cn,30
tradenet.cn,5000
trappist.cn,2900
trmj.cn,190
tsf.org.cn,3000
tsluxury.cn,115
tuntu.com.cn,20
txdnc.com,88
txp.vip,2222
tzj.cc,999
uerp.com.cn,188
ufai.com.cn,999
uhqu.cn,1860
ukqy.cn,1860
uling.com,3888
upnv.cn,2860
urai.com.cn,999
uwtq.cn,1860
uxvd.cn,2860
vacb.com,5000
vagroup.cn,3999
vbke.cn,2860
veet.cc,5000
vfdb.cn,2860
vipsdt168.cn,680
vjdoc.com,300
vntask21.site,10
vntask22.site,10
vntask23.site,10
vntask25.site,10
vntask27.site,10
vntask28.site,10
vntask29.site,10
vpgq.cn,1860
vsii.cn,3889
vsrn.cn,1860
vzhishi.cn,2888
wahuan.cn,299
waihe.cc,2999
wakuai.cn,5000
wangwen.work,200
waysfair.com,888
wazhun.cn,1860
wcpu.cn,2860
wdkonline.com,2999
weibuzudao.com,150
weichuangzhenghe.cn,680
weituoke.cn,120
wente.cc,2999
whbm.com.cn,16
whrd.com.cn,188
whuu.cn,2860
whxiangyishen.cn,680
wjt.cc,999
wqb.cc,240
wugroni.com,2000
wuhanxiangyishen.cn,680
wujimao.com,5000
wuqilunbi.cn,680
wwdu.cn,1860
wwsi.cn,2860
wzk.cc,1750
xadq.cn,1800
xc86.com,1998
xdedu.com.cn,2000
xecb.cn,5000
xedd.cn,1860
xgki.cn,2860
xhzp.com.cn,2200
xiangyanglvs.cn,1000
xiaojiabiyu.cn,3000
xiaoxiaogou.com,300
xiaoxunet.cn,680
xiawen.cn,1888
xibafang.com,2800
xieyin.com.cn,2000
xingbu.net,1000
xingdufanghuo.cn,680
xinglianjihua.com,2888
xinlvmiao.com,405
xjby.com.cn,5000
xjia.cn,1800
xkck.cn,2000
xokg.cn,1860
xomi.com.cn,388
xthr.com.cn,2000
xtis.cn,2860
xunin.cn,2860
xwvip.cn,3999
xxgc.cc,1000
xyzp.com.cn,1500
yabeng.cn,1860
yanliao.cc,2888
yben.cn,2860
ybwt.com,2100
ycjh.cn,1800
ycsbtzs.cn,680
yctfw.cn,4888
yejiaxi.com,4800
yetu.tv,3888
yhliushui.com,145
yinbi.cc,500
yingongfu.com,1000
yinwangyun.com,4588
yinyuebaike.com,5000
yishop.com.cn,3000
yishoutie.cn,680
yiwanzhan.cn,1980
yizei.cn,2860
ylkd.com,1188
yllc.com.cn,16
ynrk.com,5000
yongpao.com,500
yootui.com,5000
youerde.com,100
youhui8.cn,888
youjj.com.cn,3800
yqiao.cn,3999
yrfv.cn,2860
ysjsyjq.cn,680
ysqi.cn,1860
yuancuan.com,2800
yueb.cc,800
yunyu123.com,3000
yuojizz.cn,2800
yviv.cn,1860
yx362.com,188
yx727.com,188
yx975.com,188
yxio.com,3000
yyzp.net,1500
yzwh.com.cn,800
zabi.cc,3210
zanshenghuo.com,500
zanx.cn,2860
zaqing.cn,2860
zasao.cn,1860
zavv.cn,1860
zbpe.cn,1860
zccy.cc,888
zeijing.cn,2860
zeiqiu.com,2800
zengdang.com,300
zenhu.cn,880
zenyao.cn,880
zerp.com.cn,288
zexw.cn,1860
zg189.cn,1500
zg6.cn,300
zgpo.cn,3999
zhaibangban.com,1800
zhanggouwang.com,100
zhangtengfei.cn,680
zhaogedazi.com,1000
zhaogongzuo.net,3600
zhencaoji.cn,680
zhengqua.cn,1860
zhengquanw.cn,1860
zhenin.com,599
zhgzyy.com,5000
zhijuehs.com,160
zhiwucn.com,1500
zhongdinghuarui.work,200
zhonghuacha.cn,3999
zhongjiacun.com,1500
zhongrunda.cn,1000
zhuangtui.com,3000
zhuibian.com,1500
zhuiqun.cn,388
zhuizei.cn,1860
zhunsiji.com,3800
zhuodaoquan.com,150
zimaogang.com,5000
ziyougongfang.cn,680
zjqiche.cn,880
zola.com.cn,1999
zqg.cc,999
zsgw.cn,888
zszp.com.cn,3500
zthh6.com,199
ztmm.com,2888
zunsuo.com,500
zuoqudashi.com,3000
zuwo.vip,3999
zzcharge.com,37
zzhikcg.cn,4
冰雪.cn,1000
刺参.中国,500
可燃冰.cn,280
唯步.cn,168
天创设计.cn,168
官网.公司,3200
平,450
火炬.cn,50
玩游戏.中国,999
科学家.cn,200
租号管家.cn,168
考试网.cn,280
荐,2000
荫国香橼网.cn,168
襄垣微生活.cn,168
赛艇.cn,1000
酱板鸭.中国,150
龙井茶.公司,1900
